athlete_id,pts_avg,pts_std,reb_avg,ast_avg,pra_avg,min_avg,games_played,games_started,athlete_display_name,team_id,team_display_name,team_abbreviation,position_group
869,10.363636363636363,5.545125280489283,5.863636363636363,1.5454545454545454,17.772727272727273,26.386363636363637,44,26,DeWanna Bonner,20,Atlanta Dream,ATL,Forward
887,5.333333333333333,4.0041644987854,1.7142857142857142,2.142857142857143,9.19047619047619,17.523809523809526,21,9,Sami Whitcomb,11,Phoenix Mercury,PHX,Guard
924,3.25,4.340358242981719,1.8125,0.71875,5.78125,12.28125,32,1,Alysha Clark,3,Dallas Wings,DAL,Forward
981,9.555555555555555,3.4006032647315045,2.888888888888889,5.444444444444445,17.88888888888889,22.48148148148148,27,24,Courtney Vandersloot,19,Chicago Sky,CHI,Guard
1054,9.227272727272727,5.590122669385154,2.022727272727273,2.5681818181818183,13.818181818181818,17.0,44,4,Tiffany Hayes,129689,Golden State Valkyries,GS,Guard
1068,17.25581395348837,4.860398882591419,9.046511627906977,3.0930232558139537,29.3953488372093,30.953488372093023,43,43,Nneka Ogwumike,6,Los Angeles Sparks,LA,Forward
2284331,3.9444444444444446,3.2444019157388118,1.4444444444444444,0.3333333333333333,5.722222222222222,7.444444444444445,18,2,Emma Cannon,6,Los Angeles Sparks,LA,Forward
2327695,5.0,3.7416573867739413,2.3333333333333335,1.1111111111111112,8.444444444444445,14.466666666666667,45,2,Rebekah Gardner,9,New York Liberty,NY,Guard
2490553,13.222222222222221,5.926565869585518,5.833333333333333,2.5,21.555555555555557,25.27777777777778,18,18,Brittney Griner,18,Connecticut Sun,CON,Center
2491205,14.157894736842104,6.5681314601028635,3.1578947368421053,4.894736842105263,22.210526315789473,29.105263157894736,19,19,Skylar Diggins,19,Chicago Sky,CHI,Guard
2491214,8.953488372093023,5.037731388385872,1.9069767441860466,5.046511627906977,15.906976744186046,26.11627906976744,43,41,Erica Wheeler,6,Los Angeles Sparks,LA,Guard
2491232,2.25,2.6299556396765835,2.75,0.5,5.5,10.0,4,0,Kayla Alexander,131935,Toronto Tempo,TOR,Center
2529047,4.702702702702703,5.032477106338967,1.0,2.135135135135135,7.837837837837838,14.216216216216216,37,11,Odyssey Sims,3,Dallas Wings,DAL,Guard
2529122,12.170212765957446,5.7078098629866245,3.297872340425532,6.659574468085107,22.127659574468087,33.02127659574468,47,47,Chelsea Gray,17,Las Vegas Aces,LV,Guard
2529130,14.369565217391305,5.8778631629461096,7.456521739130435,3.1956521739130435,25.02173913043478,27.91304347826087,46,46,Natasha Howard,8,Minnesota Lynx,MIN,Forward
2529137,11.125,6.48148249898242,3.375,4.825,19.325,28.25,40,27,Natasha Cloud,19,Chicago Sky,CHI,Guard
2529140,14.261904761904763,5.901878674892218,7.809523809523809,8.523809523809524,30.595238095238095,33.166666666666664,42,42,Alyssa Thomas,11,Phoenix Mercury,PHX,Forward
2529183,3.272727272727273,3.823815435141921,2.409090909090909,1.1590909090909092,6.840909090909091,14.977272727272727,44,12,Stefanie Dolson,14,Seattle Storm,SEA,Center
2529205,17.456521739130434,7.49431346418849,2.9782608695652173,2.3043478260869565,22.73913043478261,32.23913043478261,46,46,Kayla McBride,8,Minnesota Lynx,MIN,Guard
2529458,5.628571428571429,4.784077231607282,3.085714285714286,0.7428571428571429,9.457142857142857,11.971428571428572,35,1,Cheyenne Parker-Tyus,17,Las Vegas Aces,LV,Forward
2529622,7.891304347826087,5.978584971451821,4.543478260869565,0.6739130434782609,13.108695652173912,24.304347826086957,46,46,Kayla Thornton,129689,Golden State Valkyries,GS,Forward
2566081,5.181818181818182,3.5455358585569114,3.590909090909091,1.3636363636363635,10.136363636363637,17.204545454545453,44,3,Elizabeth Williams,19,Chicago Sky,CHI,Center
2566106,14.452380952380953,5.292435379065063,6.9523809523809526,2.380952380952381,23.785714285714285,28.714285714285715,42,42,Dearica Hamby,6,Los Angeles Sparks,LA,Forward
2566110,5.8,4.43846820423443,2.0,5.4,13.2,16.2,5,0,Julie Vanloo,9,New York Liberty,NY,Guard
2566186,5.0,4.076197322920545,1.15,1.275,7.425,13.775,40,2,Rachel Banham,19,Chicago Sky,CHI,Guard
2566453,12.75,6.5697252851683725,6.9375,1.46875,21.15625,23.6875,32,26,Isabelle Harrison,131935,Toronto Tempo,TOR,Forward
2569044,5.88,5.379900866496828,3.4,0.96,10.24,17.76,25,10,Temi Fagbenle,131935,Toronto Tempo,TOR,Center
2590093,3.466666666666667,2.8009738566174707,5.8,1.288888888888889,10.555555555555555,22.288888888888888,45,45,Kiah Stokes,129689,Golden State Valkyries,GS,Center
2593770,4.34375,3.8404416328703492,1.8125,1.78125,7.9375,15.96875,32,5,Betnijah Laney-Hamilton,16,Washington Mystics,WSH,Guard
2955898,3.3333333333333335,3.366501646120693,1.5,0.3333333333333333,5.166666666666667,8.25,12,0,Damiris Dantas,5,Indiana Fever,IND,Center
2987869,8.08695652173913,4.8617604811267086,2.391304347826087,1.3043478260869565,11.782608695652174,26.456521739130434,46,5,Jewell Loyd,17,Las Vegas Aces,LV,Guard
2987891,13.755555555555556,6.209067985819228,4.866666666666666,4.377777777777778,23.0,30.177777777777777,45,45,Courtney Williams,8,Minnesota Lynx,MIN,Guard
2988756,18.58823529411765,10.506300630630006,3.4705882352941178,3.3529411764705883,25.41176470588235,29.41176470588235,17,17,Brittney Sykes,131935,Toronto Tempo,TOR,Guard
2998928,21.22222222222222,6.744994402884964,8.355555555555556,3.3555555555555556,32.93333333333333,33.28888888888889,45,45,Breanna Stewart,9,New York Liberty,NY,Forward
2998938,21.475,7.52768394933167,3.675,1.875,27.025,32.975,40,40,Kahleah Copper,11,Phoenix Mercury,PHX,Guard
2999101,14.41304347826087,4.786908475584549,9.065217391304348,2.5652173913043477,26.043478260869566,28.347826086956523,46,46,Jonquel Jones,9,New York Liberty,NY,Center
3054590,6.5,5.188662854938854,4.130434782608695,1.7173913043478262,12.347826086956522,22.282608695652176,46,28,Nia Brodie,8,Minnesota Lynx,MIN,Forward
3056672,1.375,1.5059406173077154,1.125,0.625,3.125,9.0,8,0,Mercedes Russell,5,Indiana Fever,IND,Center
3056730,4.75,4.655901561979023,1.53125,0.875,7.15625,16.0625,32,4,Karlie Samuelson,132052,Portland Fire,POR,Guard
3058892,3.8,5.223876806442595,1.3,1.1,6.2,14.9,10,0,Lexie Brown,14,Seattle Storm,SEA,Guard
3058893,1.0625,2.0483733383671376,0.375,0.5,1.9375,2.9375,16,0,Shatori Walker-Kimbrough,20,Atlanta Dream,ATL,Guard
3058895,8.222222222222221,4.790035954399971,5.555555555555555,2.0,15.777777777777779,16.88888888888889,9,0,Brionna Jones,20,Atlanta Dream,ATL,Forward
3058901,19.152173913043477,5.652796323961552,3.391304347826087,2.5869565217391304,25.130434782608695,32.73913043478261,46,46,Allisha Gray,20,Atlanta Dream,ATL,Guard
3065570,21.529411764705884,10.056823846640297,2.0588235294117645,5.352941176470588,28.941176470588236,30.647058823529413,17,15,Kelsey Plum,11,Phoenix Mercury,PHX,Guard
3099736,4.1063829787234045,3.5092055495894217,2.617021276595745,1.0851063829787233,7.808510638297872,17.638297872340427,47,46,Stephanie Talbot,17,Las Vegas Aces,LV,Forward
3102133,5.419354838709677,4.985139206002758,2.4516129032258065,0.5806451612903226,8.451612903225806,17.612903225806452,31,12,Rebecca Allen,9,New York Liberty,NY,Guard
3142010,10.59375,5.296738954147834,6.40625,2.09375,19.09375,24.5,32,31,Azura Stevens,19,Chicago Sky,CHI,Forward
3142055,3.95,3.3123699780964793,3.55,1.45,8.95,13.95,40,3,Myisha Hines-Allen,5,Indiana Fever,IND,Forward
3142086,1.4222222222222223,1.9827539260617117,2.2222222222222223,0.2,3.8444444444444446,13.022222222222222,45,10,Brianna Turner,17,Las Vegas Aces,LV,Forward
3142191,24.404255319148938,6.16673958837134,1.6595744680851063,2.6808510638297873,28.74468085106383,32.5531914893617,47,47,Kelsey Mitchell,5,Indiana Fever,IND,Guard
3142242,5.2,2.863564212655271,1.2,0.2,6.6,10.0,5,0,Amy Okonkwo,132052,Portland Fire,POR,Forward
3142250,11.733333333333333,4.579599029688873,3.577777777777778,7.4222222222222225,22.733333333333334,31.333333333333332,45,45,Jordin Canada,20,Atlanta Dream,ATL,Guard
3142255,6.173913043478261,4.781001047321863,4.586956521739131,0.9347826086956522,11.695652173913043,18.152173913043477,46,31,Monique Billings,5,Indiana Fever,IND,Forward
3142327,5.511627906976744,5.517815704059402,1.1627906976744187,1.0465116279069768,7.72093023255814,14.348837209302326,43,4,Kia Nurse,131935,Toronto Tempo,TOR,Guard
3142328,15.024390243902438,7.090443585834558,3.341463414634146,2.3902439024390243,20.75609756097561,25.414634146341463,41,41,Gabby Williams,129689,Golden State Valkyries,GS,Forward
3146151,8.5,4.2152452696049405,2.857142857142857,2.8333333333333335,14.19047619047619,26.904761904761905,42,42,Ariel Atkins,6,Los Angeles Sparks,LA,Guard
3149391,26.568181818181817,6.929538147879522,9.522727272727273,3.1136363636363638,39.20454545454545,32.25,44,44,A'ja Wilson,17,Las Vegas Aces,LV,Center
3904479,1.3333333333333333,2.3094010767585034,1.0,0.3333333333333333,2.6666666666666665,5.0,3,0,Mariella Fasoula,131935,Toronto Tempo,TOR,Center
3904576,20.84375,10.561981042796237,3.28125,3.6875,27.8125,29.46875,32,32,Marina Mabrey,131935,Toronto Tempo,TOR,Guard
3904577,15.804347826086957,9.169077416857627,3.0869565217391304,3.3260869565217392,22.217391304347824,30.23913043478261,46,46,Arike Ogunbowale,3,Dallas Wings,DAL,Guard
3906753,14.65,7.273238618387272,2.475,4.975,22.1,29.95,40,40,Natisha Hiedeman,14,Seattle Storm,SEA,Guard
3906769,10.375,6.642037839900242,1.0625,1.625,13.0625,20.0625,16,7,Jovana Nogic,11,Phoenix Mercury,PHX,Guard
3906949,13.909090909090908,6.11448216757477,10.863636363636363,5.2727272727272725,30.045454545454547,31.795454545454547,44,44,Jessica Shepard,3,Dallas Wings,DAL,Forward
3906972,14.575,6.20127158176202,4.45,2.125,21.15,30.875,40,40,Bridget Carleton,132052,Portland Fire,POR,Forward
3907781,7.826086956521739,5.530940638609864,2.1956521739130435,1.173913043478261,11.195652173913043,22.456521739130434,46,3,Sophie Cunningham,5,Indiana Fever,IND,Guard
3910470,8.514285714285714,5.505993678397626,4.514285714285714,2.5428571428571427,15.571428571428571,26.428571428571427,35,20,Maria Conde,131935,Toronto Tempo,TOR,Forward
3913680,2.3333333333333335,0.5773502691896258,1.6666666666666667,0.6666666666666666,4.666666666666667,7.0,3,0,Emese Hof,8,Minnesota Lynx,MIN,Center
3913881,6.03125,4.829241408404136,3.9375,1.03125,11.0,17.90625,32,18,Alanna Smith,3,Dallas Wings,DAL,Forward
3913903,1.4,2.1186998109427604,2.4,0.3,4.1,6.8,10,0,Teaira McCowan,8,Minnesota Lynx,MIN,Center
3916514,3.6,4.979959839195493,1.0,0.2,4.8,3.8,5,0,Kalani Brown,17,Las Vegas Aces,LV,Center
3917450,16.333333333333332,5.029325764658602,6.777777777777778,2.5,25.61111111111111,29.77777777777778,18,18,Napheesa Collier,8,Minnesota Lynx,MIN,Forward
3917453,4.4375,2.8841893812814674,2.09375,0.8125,7.34375,15.28125,32,1,Katie Lou Samuelson,14,Seattle Storm,SEA,Forward
3919496,6.285714285714286,5.747487576791981,2.7714285714285714,1.2571428571428571,10.314285714285715,16.17142857142857,35,5,Valeriane Ayayi,11,Phoenix Mercury,PHX,Forward
3920741,4.6,5.458937625582473,1.6,0.0,6.2,10.8,5,0,Kitija Laksa,3,Dallas Wings,DAL,Guard
3922628,8.783783783783784,5.260624884381529,3.2162162162162162,1.4324324324324325,13.432432432432432,23.864864864864863,37,14,Kennedy Burke,18,Connecticut Sun,CON,Guard
3934218,13.073170731707316,4.734924729615239,4.317073170731708,0.9024390243902439,18.29268292682927,24.29268292682927,41,32,Megan DiLeo,132052,Portland Fire,POR,Center
4001679,6.03030303030303,3.932912792104985,3.1515151515151514,5.454545454545454,14.636363636363637,28.363636363636363,33,31,Julie Allemand,131935,Toronto Tempo,TOR,Guard
4038379,8.068181818181818,7.052618604140995,1.9545454545454546,2.3181818181818183,12.340909090909092,19.681818181818183,44,18,Marine Johannes,9,New York Liberty,NY,Guard
4065760,4.051282051282051,4.773549479043859,1.0769230769230769,2.0256410256410255,7.153846153846154,13.64102564102564,39,4,Tyasha Harris,5,Indiana Fever,IND,Guard
4065780,6.413043478260869,4.323455855146548,4.6521739130434785,1.3478260869565217,12.41304347826087,20.23913043478261,46,11,Kaila Charles,129689,Golden State Valkyries,GS,Guard
4065870,19.46808510638298,8.034845481130482,4.361702127659575,6.851063829787234,30.680851063829788,32.638297872340424,47,47,Jackie Young,17,Las Vegas Aces,LV,Guard
4066533,14.970588235294118,7.529679835914176,3.735294117647059,4.823529411764706,23.529411764705884,29.970588235294116,34,33,Sabrina Ionescu,9,New York Liberty,NY,Guard
4066546,1.1,1.523883926754995,0.5,0.2,1.8,3.3,10,0,Nadia Fingall,129689,Golden State Valkyries,GS,Center
4066548,8.818181818181818,7.040144626613602,3.090909090909091,0.6363636363636364,12.545454545454545,16.181818181818183,11,0,DiJonai Carrington,19,Chicago Sky,CHI,Guard
4066553,6.0,4.0,0.6,2.0,8.6,12.4,5,0,Aari McDonald,8,Minnesota Lynx,MIN,Guard
4068042,8.88888888888889,4.373803691314773,6.694444444444445,1.1388888888888888,16.72222222222222,22.72222222222222,36,27,Natasha Mack,11,Phoenix Mercury,PHX,Forward
4068104,0.0,,0.0,2.0,2.0,6.0,1,0,Peyton Williams,11,Phoenix Mercury,PHX,Forward
4068159,3.36,4.029888335921977,0.84,2.0,6.2,10.4,25,2,Sug Sutton,3,Dallas Wings,DAL,Guard
4068161,2.0,,5.0,1.0,8.0,15.0,1,0,Joyner Holmes,14,Seattle Storm,SEA,Forward
4068346,7.5,7.7781745930520225,0.0,3.0,10.5,15.0,2,1,Kamiah Smalls,132052,Portland Fire,POR,Forward
4257500,8.846153846153847,5.6871899523979215,2.051282051282051,1.6923076923076923,12.58974358974359,18.94871794871795,39,36,Cecilia Zandalasini,129689,Golden State Valkyries,GS,Forward
4280850,3.891304347826087,3.2470722598780526,2.3260869565217392,1.108695652173913,7.326086956521739,14.08695652173913,46,5,Maya Caldwell,8,Minnesota Lynx,MIN,Guard
4280877,4.9,5.7629082164399525,0.9,0.8,6.6,10.8,10,0,Chloe Bibby,8,Minnesota Lynx,MIN,Forward
4280892,12.642857142857142,8.932284942035508,1.8571428571428572,1.4285714285714286,15.928571428571429,17.428571428571427,14,0,Chennedy Carter,17,Las Vegas Aces,LV,Guard
4281190,3.642857142857143,3.733572075045618,1.3571428571428572,2.0714285714285716,7.071428571428571,15.285714285714286,14,1,Dana Evans,17,Las Vegas Aces,LV,Guard
4281929,10.384615384615385,6.461920013154779,2.769230769230769,1.9230769230769231,15.076923076923077,16.692307692307693,13,5,Satou Sabally,9,New York Liberty,NY,Forward
4281930,0.7272727272727273,1.5550504230351563,1.1818181818181819,0.36363636363636365,2.272727272727273,7.7272727272727275,11,0,Anneli Maley,9,New York Liberty,NY,Forward
4282168,4.083333333333333,3.2693127407914724,0.4166666666666667,1.2083333333333333,5.708333333333333,12.958333333333334,24,0,Kiana Williams,131935,Toronto Tempo,TOR,Guard
4282173,9.071428571428571,6.341473465550868,2.5714285714285716,1.5952380952380953,13.238095238095237,24.69047619047619,42,42,Michaela Onyenwere,16,Washington Mystics,WSH,Forward
4336633,3.4411764705882355,2.9458874926632195,2.823529411764706,0.4411764705882353,6.705882352941177,10.382352941176471,34,0,Li Yueru,3,Dallas Wings,DAL,Center
4337216,6.260869565217392,4.56281970622307,2.4347826086956523,0.6739130434782609,9.369565217391305,13.543478260869565,46,2,Han Xu,9,New York Liberty,NY,Center
4398577,0.2857142857142857,0.7559289460184545,0.7142857142857143,0.0,1.0,3.5714285714285716,7,0,Miela Sowah,129689,Golden State Valkyries,GS,Guard
4398674,17.866666666666667,6.590626953208901,3.7333333333333334,3.6444444444444444,25.244444444444444,34.24444444444445,45,45,Rhyne Howard,20,Atlanta Dream,ATL,Guard
4398729,10.136363636363637,4.830094173528975,5.7272727272727275,2.090909090909091,17.954545454545453,24.65909090909091,44,44,Emily Engstler,132052,Portland Fire,POR,Forward
4398764,14.55813953488372,6.4634589205905595,2.3488372093023258,2.488372093023256,19.3953488372093,28.88372093023256,43,35,Rae Burrell,6,Los Angeles Sparks,LA,Guard
4398766,2.142857142857143,2.2677868380553634,1.0,0.14285714285714285,3.2857142857142856,9.571428571428571,7,0,Zaay Green,131935,Toronto Tempo,TOR,Guard
4398768,12.291666666666666,5.789639672400337,5.25,1.7083333333333333,19.25,23.916666666666668,24,20,Nyara Sabally,131935,Toronto Tempo,TOR,Forward
4398776,11.615384615384615,5.575394178254573,6.410256410256411,0.8974358974358975,18.923076923076923,24.17948717948718,39,39,NaLyssa Smith,17,Las Vegas Aces,LV,Forward
4398829,5.0638297872340425,4.161961574103109,3.0425531914893615,0.6808510638297872,8.787234042553191,18.638297872340427,47,44,Lexie Hull,5,Indiana Fever,IND,Guard
4398907,2.5789473684210527,3.2027035363143543,1.0,0.42105263157894735,4.0,7.631578947368421,19,0,Kate Martin,19,Chicago Sky,CHI,Guard
4398911,16.666666666666668,6.508735388970452,9.488888888888889,2.533333333333333,28.68888888888889,29.57777777777778,45,45,Shakira Austin,16,Washington Mystics,WSH,Center
4398915,9.0,5.2872058267619435,4.488888888888889,1.5333333333333334,15.022222222222222,28.68888888888889,45,43,Naz Hillmon,20,Atlanta Dream,ATL,Forward
4398935,12.108695652173912,5.113069358112559,3.5652173913043477,5.695652173913044,21.369565217391305,28.630434782608695,46,46,Veronica Burton,129689,Golden State Valkyries,GS,Guard
4398938,3.3043478260869565,4.016271253614314,2.869565217391304,1.3478260869565217,7.521739130434782,14.695652173913043,23,0,Dorka Juhasz,8,Minnesota Lynx,MIN,Forward
4398965,0.5,0.7071067811865476,1.0,0.5,2.0,5.5,2,0,Christyn Williams,3,Dallas Wings,DAL,Guard
4398966,10.121212121212121,5.066788774445653,5.878787878787879,1.6363636363636365,17.636363636363637,21.242424242424242,33,23,Olivia Nelson-Ododa,18,Connecticut Sun,CON,Center
4399342,5.357142857142857,5.573550029407971,1.0952380952380953,1.4285714285714286,7.880952380952381,15.380952380952381,42,11,Lexi Held,11,Phoenix Mercury,PHX,Guard
4399415,6.534883720930233,4.377153006068922,2.627906976744186,0.8604651162790697,10.023255813953488,14.837209302325581,43,12,Maddy Siegrist,3,Dallas Wings,DAL,Forward
4420318,6.857142857142857,4.70445194808791,4.0,1.7857142857142858,12.642857142857142,20.357142857142858,14,9,Ezi Magbegor,14,Seattle Storm,SEA,Forward
4432830,4.486486486486487,4.311622674827898,3.5405405405405403,1.2702702702702702,9.297297297297296,17.56756756756757,37,23,Jordan Horston,14,Seattle Storm,SEA,Forward
4432831,16.372093023255815,5.765344973009621,7.906976744186046,3.046511627906977,27.325581395348838,27.232558139534884,43,43,Aliyah Boston,5,Indiana Fever,IND,Center
4432832,7.536585365853658,5.287237279409776,1.6585365853658536,1.0731707317073171,10.268292682926829,15.073170731707316,41,1,Zia Cooke,14,Seattle Storm,SEA,Guard
4432834,3.8,4.6860403710354825,2.95,0.95,7.7,11.525,40,1,Laeticia Amihere,129689,Golden State Valkyries,GS,Forward
4432844,1.0,1.4142135623730951,0.5,0.0,1.5,3.5,2,0,Aubrey Griffin,9,New York Liberty,NY,Forward
4432865,6.409090909090909,3.9843775261153533,1.3863636363636365,1.75,9.545454545454545,20.636363636363637,44,18,Jacy Sheldon,19,Chicago Sky,CHI,Guard
4433293,9.666666666666666,4.163331998932266,1.6666666666666667,1.3333333333333333,12.666666666666666,19.666666666666668,3,0,Charisma Osborne,132052,Portland Fire,POR,Guard
4433386,1.9230769230769231,2.6287366566958377,0.9230769230769231,1.0769230769230769,3.923076923076923,7.6923076923076925,13,1,Jaylyn Sherrod,14,Seattle Storm,SEA,Guard
4433402,16.288888888888888,5.743067845918962,12.0,2.7333333333333334,31.022222222222222,30.977777777777778,45,45,Angel Reese,20,Atlanta Dream,ATL,Forward
4433403,22.11627906976744,8.381411695860303,3.953488372093023,8.418604651162791,34.48837209302326,31.372093023255815,43,43,Caitlin Clark,5,Indiana Fever,IND,Guard
4433404,9.548387096774194,3.897338490794449,5.0,1.4838709677419355,16.032258064516128,19.225806451612904,31,1,Cameron Brink,6,Los Angeles Sparks,LA,Forward
4433405,14.674418604651162,5.971044936200181,8.627906976744185,2.4651162790697674,25.767441860465116,26.6046511627907,43,43,Kamilla Cardoso,19,Chicago Sky,CHI,Center
4433408,11.066666666666666,6.664022464120214,4.666666666666667,1.0,16.733333333333334,20.666666666666668,30,21,Aaliyah Edwards,18,Connecticut Sun,CON,Forward
4433411,2.58974358974359,3.1848155256660653,2.1538461538461537,0.5641025641025641,5.3076923076923075,8.538461538461538,39,3,Angela Dugalic,16,Washington Mystics,WSH,Forward
4433412,5.454545454545454,4.867063970024606,1.6363636363636365,2.1363636363636362,9.227272727272727,15.772727272727273,22,3,Hailey Van Lith,18,Connecticut Sun,CON,Guard
4433416,2.0,2.8284271247461903,0.0,0.5,2.5,3.0,2,0,Madison Scott,9,New York Liberty,NY,Guard
4433424,2.6,3.977715704047013,1.8,0.6,5.0,12.2,10,0,Maddy Westbeld,11,Phoenix Mercury,PHX,Forward
4433431,3.4864864864864864,3.9343333589032565,0.7297297297297297,1.2972972972972974,5.513513513513513,11.135135135135135,37,1,Te-Hina Paopao,20,Atlanta Dream,ATL,Guard
4433433,5.166666666666667,3.9573879693845893,2.6333333333333333,0.6,8.4,13.5,30,5,Aicha Coulibaly,19,Chicago Sky,CHI,Guard
4433514,6.947368421052632,3.9861067398752033,2.526315789473684,3.0526315789473686,12.526315789473685,22.55263157894737,38,18,Saniya Rivers,18,Connecticut Sun,CON,Guard
4433523,0.8,1.082325538564332,0.5333333333333333,0.9333333333333333,2.2666666666666666,5.133333333333334,15,0,Rori Harmon,16,Washington Mystics,WSH,Guard
4433524,17.166666666666668,6.562705668476753,3.9047619047619047,4.333333333333333,25.404761904761905,33.166666666666664,42,42,Sonia Citron,16,Washington Mystics,WSH,Guard
4433542,0.42857142857142855,1.1338934190276817,1.4285714285714286,0.14285714285714285,2.0,6.857142857142857,7,0,Saylor Poffenbarger,11,Phoenix Mercury,PHX,Guard
4433546,5.543478260869565,4.564142960752169,4.8478260869565215,0.5217391304347826,10.91304347826087,18.891304347826086,46,17,Makayla Timpson,5,Indiana Fever,IND,Forward
4433630,18.0,9.41629792788369,4.75,2.0,24.75,29.5,4,4,Rickea Jackson,19,Chicago Sky,CHI,Forward
4433633,1.935483870967742,2.6700247673129396,1.3870967741935485,0.5161290322580645,3.838709677419355,9.258064516129032,31,0,Kierstan Bell,17,Las Vegas Aces,LV,Forward
4433634,1.8333333333333333,2.136976056643281,1.8333333333333333,0.5,4.166666666666667,7.333333333333333,6,0,Ashten Prechtel,129689,Golden State Valkyries,GS,Forward
4433635,9.767441860465116,5.4240961911259395,2.6744186046511627,1.3953488372093024,13.837209302325581,22.674418604651162,43,43,Diamond Miller,18,Connecticut Sun,CON,Forward
4433643,2.7586206896551726,3.6708812917510802,2.9310344827586206,0.5862068965517241,6.275862068965517,9.96551724137931,29,0,Mackenzie Holmes,14,Seattle Storm,SEA,Forward
4433690,4.0,4.818120558297157,1.3793103448275863,1.7586206896551724,7.137931034482759,11.275862068965518,29,1,Holly Winterburn,132052,Portland Fire,POR,Guard
4433730,20.65909090909091,6.502032533086156,4.181818181818182,5.75,30.59090909090909,32.79545454545455,44,44,Paige Bueckers,3,Dallas Wings,DAL,Guard
4433744,2.0,2.8284271247461903,2.5,0.0,4.5,6.5,2,0,Michelle Onyiah,5,Indiana Fever,IND,Center
4433790,13.1,5.868384022410493,1.7333333333333334,1.8333333333333333,16.666666666666668,31.7,30,24,Azzi Fudd,3,Dallas Wings,DAL,Guard
4433791,19.19047619047619,6.681748329840157,4.666666666666667,5.738095238095238,29.595238095238095,30.666666666666668,42,42,Olivia Miles,8,Minnesota Lynx,MIN,Guard
4433792,2.0,1.8708286933869707,1.8,0.8,4.6,7.0,5,0,Rayah Marshall,18,Connecticut Sun,CON,Center
4433795,0.0,0.0,0.3333333333333333,0.6666666666666666,1.0,3.3333333333333335,3,0,Sania Feagin,6,Los Angeles Sparks,LA,Forward
4433797,3.4285714285714284,3.736065865761751,1.7380952380952381,1.1428571428571428,6.309523809523809,11.714285714285714,42,0,Raven Johnson,5,Indiana Fever,IND,Guard
4433807,6.2439024390243905,5.132155920297425,2.292682926829268,1.2682926829268293,9.804878048780488,11.975609756097562,41,2,Aziaha James,3,Dallas Wings,DAL,Guard
4433808,2.0,2.8284271247461903,1.0,1.0,4.0,10.5,2,0,Shyanne Sellers,6,Los Angeles Sparks,LA,Guard
4433815,2.5,2.5213375135318272,0.5,0.8181818181818182,3.8181818181818183,6.590909090909091,22,0,Lucy Olsen,16,Washington Mystics,WSH,Guard
4434015,1.0,1.4142135623730951,0.5,1.0,2.5,6.5,2,0,JJ Quinerly,3,Dallas Wings,DAL,Guard
4434020,2.210526315789474,2.195300813431026,2.1578947368421053,0.5263157894736842,4.894736842105263,11.394736842105264,38,1,Teonni Key,131935,Toronto Tempo,TOR,Forward
4565505,13.392857142857142,6.51686862838102,3.6785714285714284,3.4642857142857144,20.535714285714285,27.142857142857142,28,20,Kiki Rice,131935,Toronto Tempo,TOR,Guard
4565515,5.666666666666667,3.676295896027891,1.25,2.6666666666666665,9.583333333333334,16.5,12,1,Tonie Morgan,6,Los Angeles Sparks,LA,Guard
4583144,6.431818181818182,4.432426640076712,2.727272727272727,1.8409090909090908,11.0,19.181818181818183,44,6,Cotie McMahon,16,Washington Mystics,WSH,Guard
4594786,13.621621621621621,8.738011950830282,1.7027027027027026,1.972972972972973,17.2972972972973,20.594594594594593,37,26,Sydney Taylor,19,Chicago Sky,CHI,Guard
4595823,6.0,8.48528137423857,0.0,0.5,6.5,16.0,2,0,Alex Fowler,9,New York Liberty,NY,Forward
4595910,2.909090909090909,3.2696955654783966,1.7272727272727273,0.8181818181818182,5.454545454545454,7.818181818181818,11,0,Haley Jones,3,Dallas Wings,DAL,Guard
4596309,3.5,3.7537859676477416,2.3333333333333335,0.16666666666666666,6.0,8.666666666666666,12,0,Liatu King,8,Minnesota Lynx,MIN,Forward
4597509,1.1111111111111112,2.0548046676563256,0.3333333333333333,0.2222222222222222,1.6666666666666667,3.111111111111111,18,0,Aaliyah Nye,6,Los Angeles Sparks,LA,Guard
4599199,5.0,4.690415759823429,2.8,0.6,8.4,14.0,5,0,Morgan Maly,19,Chicago Sky,CHI,Guard
4609797,3.1052631578947367,4.653490169779444,0.7894736842105263,0.3684210526315789,4.2631578947368425,5.684210526315789,19,0,Ta'Niya Latson,17,Las Vegas Aces,LV,Guard
4682797,4.476190476190476,3.280534218980921,2.619047619047619,1.2857142857142858,8.380952380952381,16.571428571428573,21,9,Luisa Geiselsoder,132052,Portland Fire,POR,Center
4682855,3.1666666666666665,5.356955263670745,0.8333333333333334,0.3333333333333333,4.333333333333333,7.5,12,0,Justine Pissott,17,Las Vegas Aces,LV,Guard
4683006,8.708333333333334,5.945251423846903,3.4583333333333335,2.0833333333333335,14.25,29.083333333333332,24,24,Leonie Fiebich,9,New York Liberty,NY,Forward
4684384,10.962962962962964,5.687242683825734,8.296296296296296,1.4444444444444444,20.703703703703702,22.25925925925926,27,10,Aneesah Morrow,131935,Toronto Tempo,TOR,Forward
4688629,8.5,7.464200272921789,1.5,1.625,11.625,15.625,8,0,Shay Ciezki,11,Phoenix Mercury,PHX,Guard
4698730,6.5,4.123105625617661,1.5,0.5,8.5,15.0,4,0,Kara Dunn,11,Phoenix Mercury,PHX,Guard
4698736,14.904761904761905,7.001078397105392,4.809523809523809,2.9285714285714284,22.642857142857142,28.714285714285715,42,42,Flau'jae Johnson,14,Seattle Storm,SEA,Guard
4703609,7.204545454545454,4.364654787779955,2.5454545454545454,3.659090909090909,13.409090909090908,23.613636363636363,44,32,Charlisse Leger-Walker,18,Connecticut Sun,CON,Guard
4703794,10.692307692307692,5.38716423190703,4.5,2.3846153846153846,17.576923076923077,24.73076923076923,26,15,Sarah Ashlee Barker,132052,Portland Fire,POR,Guard
4704180,6.913043478260869,5.133013353475375,1.5,3.4130434782608696,11.826086956521738,23.26086956521739,46,46,Georgia Amoore,16,Washington Mystics,WSH,Guard
4704594,3.473684210526316,3.791341320146203,1.4736842105263157,0.3684210526315789,5.315789473684211,9.421052631578947,19,0,Marta Suarez,11,Phoenix Mercury,PHX,Forward
4790258,1.6153846153846154,2.6544592379906398,1.1153846153846154,0.4230769230769231,3.1538461538461537,6.269230769230769,26,1,Raquel Carrera,9,New York Liberty,NY,Forward
4790260,4.476190476190476,4.411564888098639,2.0,1.9047619047619047,8.380952380952381,12.428571428571429,21,0,Marine Fauthoux,9,New York Liberty,NY,Guard
4790264,12.452380952380953,5.570840375157235,3.9047619047619047,1.2142857142857142,17.571428571428573,22.19047619047619,42,0,Janelle Salaun,129689,Golden State Valkyries,GS,Forward
4790266,6.255813953488372,4.180983156512205,3.9069767441860463,1.0232558139534884,11.186046511627907,18.86046511627907,43,28,Awak Kuier,3,Dallas Wings,DAL,Forward
4858656,7.128205128205129,5.49726959584908,2.9743589743589745,0.8974358974358975,11.0,19.487179487179485,39,18,Gabriela Jaquez,19,Chicago Sky,CHI,Guard
4873358,2.925,3.7511536686936524,0.8,1.05,4.775,11.525,40,0,Antonia Delaere,8,Minnesota Lynx,MIN,Forward
4873359,3.0,2.808716591058786,2.3684210526315788,0.631578947368421,6.0,10.578947368421053,19,1,Kyara Linskens,11,Phoenix Mercury,PHX,Center
4874375,2.2222222222222223,3.321885102606746,1.0277777777777777,0.5555555555555556,3.8055555555555554,9.083333333333334,36,0,Jihyun Park,6,Los Angeles Sparks,LA,Forward
4874475,3.0,2.6457513110645907,1.2857142857142858,0.42857142857142855,4.714285714285714,9.0,7,1,Nikolina Milic,131935,Toronto Tempo,TOR,Forward
4898383,3.2,3.420526275297414,1.2,0.2,4.6,5.4,5,0,Bree Hall,5,Indiana Fever,IND,Guard
4898384,15.255813953488373,6.07529353888437,9.86046511627907,1.5116279069767442,26.627906976744185,28.162790697674417,43,43,Kiki Iriafen,16,Washington Mystics,WSH,Forward
4898400,1.9411764705882353,2.8607382839770166,1.7058823529411764,0.47058823529411764,4.117647058823529,9.764705882352942,17,0,Taylor Thierry,14,Seattle Storm,SEA,Forward
4898898,3.6,3.524702740908048,1.4285714285714286,0.5714285714285714,5.6,10.514285714285714,35,5,Gianna Kneepkens,18,Connecticut Sun,CON,Guard
4899328,7.108695652173913,5.839437799688008,1.1304347826086956,1.934782608695652,10.173913043478262,15.173913043478262,46,0,Kaitlyn Chen,129689,Golden State Valkyries,GS,Guard
5017721,1.8,2.867669683168671,1.0285714285714285,0.2,3.0285714285714285,5.0,35,1,Sika Kone,20,Atlanta Dream,ATL,Forward
5017726,9.095238095238095,4.957426180203987,2.142857142857143,3.738095238095238,14.976190476190476,24.5,42,32,Jade Melbourne,14,Seattle Storm,SEA,Guard
5105406,6.256410256410256,4.240890849300594,2.076923076923077,0.7435897435897436,9.076923076923077,15.538461538461538,39,0,Frieda Buhner,132052,Portland Fire,POR,Forward
5105729,3.1,2.942177808428691,1.075,1.025,5.2,11.425,40,0,Chance Gray,6,Los Angeles Sparks,LA,Guard
5105731,1.894736842105263,2.5797230006793206,0.631578947368421,0.21052631578947367,2.736842105263158,5.052631578947368,19,0,Grace VanSlooten,5,Indiana Fever,IND,Forward
5105732,4.552631578947368,3.80396214791362,3.236842105263158,0.8421052631578947,8.631578947368421,12.552631578947368,38,3,Raegan Beers,18,Connecticut Sun,CON,Forward
5105737,6.195652173913044,3.3903101478405664,4.586956521739131,1.1304347826086956,11.91304347826087,17.608695652173914,46,1,Lauren Betts,16,Washington Mystics,WSH,Center
5105740,1.0476190476190477,1.5644868320376006,0.8571428571428571,0.38095238095238093,2.2857142857142856,3.1904761904761907,21,0,Indya Nivar,20,Atlanta Dream,ATL,Guard
5105752,2.0,2.8284271247461903,2.2,0.8,5.0,7.8,5,0,Alissa Pili,6,Los Angeles Sparks,LA,Forward
5106145,1.6666666666666667,2.8867513459481287,0.3333333333333333,0.0,2.0,2.3333333333333335,3,0,Darianna Littlepage-Buggs,16,Washington Mystics,WSH,Guard
5106170,1.2857142857142858,2.3603873774083297,1.2857142857142858,0.42857142857142855,3.0,6.428571428571429,7,0,Ndjakalenga Mwenentanda,6,Los Angeles Sparks,LA,Guard
5106222,1.3,2.3118054512532935,0.4,0.5,2.2,5.2,10,0,Taina Mair,14,Seattle Storm,SEA,Guard
5106232,3.3684210526315788,4.47475047492768,1.263157894736842,0.8421052631578947,5.473684210526316,13.578947368421053,19,0,Ashlon Jackson,18,Connecticut Sun,CON,Guard
5107404,1.25,1.7645499039801518,0.75,0.5833333333333334,2.5833333333333335,6.75,12,0,Quionche Carter,11,Phoenix Mercury,PHX,Guard
5107515,2.6666666666666665,2.3094010767585034,1.3333333333333333,1.0,5.0,9.666666666666666,3,0,Laura Ziegler,6,Los Angeles Sparks,LA,Forward
5108051,5.0625,3.3360405672993045,1.75,4.1875,11.0,13.9375,16,2,Jordan Harrison,132052,Portland Fire,POR,Guard
5108550,4.282051282051282,3.8247718745093526,2.717948717948718,0.46153846153846156,7.461538461538462,13.153846153846153,39,3,Serah Williams,132052,Portland Fire,POR,Center
5108587,5.2272727272727275,5.317210478505366,3.340909090909091,0.25,8.818181818181818,9.0,44,2,Madina Okot,20,Atlanta Dream,ATL,Center
5122345,2.282051282051282,2.846500325410855,1.1025641025641026,0.5128205128205128,3.8974358974358974,9.897435897435898,39,2,Cassandre Prosper,16,Washington Mystics,WSH,Guard
5208981,11.4,5.150159019975449,1.8666666666666667,4.433333333333334,17.7,28.033333333333335,30,30,Leila Lacan,18,Connecticut Sun,CON,Guard
5208982,16.05128205128205,6.476470440426792,2.1538461538461537,6.282051282051282,24.487179487179485,26.102564102564102,39,38,Carla Leite,132052,Portland Fire,POR,Guard
5208983,4.717391304347826,4.150839505333086,1.4565217391304348,1.0434782608695652,7.217391304347826,12.934782608695652,46,1,Isobel Borlase,20,Atlanta Dream,ATL,Guard
5208985,2.4,2.988868236194653,0.5,1.1,4.0,7.7,10,0,Alicia Florez,16,Washington Mystics,WSH,Guard
5209202,4.309523809523809,4.347626743902623,2.1666666666666665,0.7619047619047619,7.238095238095238,18.452380952380953,42,28,Nyadiew Puoch,132052,Portland Fire,POR,Forward
5220104,4.411764705882353,4.2435071510693225,1.0588235294117647,1.1764705882352942,6.647058823529412,14.411764705882353,17,0,Mai Yamamoto,17,Las Vegas Aces,LV,Guard
5220150,17.142857142857142,8.088273491124474,8.771428571428572,1.6571428571428573,27.571428571428573,26.457142857142856,35,34,Dominique Malonga,14,Seattle Storm,SEA,Center
5274110,7.633333333333334,5.169428257142866,1.8333333333333333,2.2333333333333334,11.7,21.766666666666666,30,17,Monique Akoa Makani,6,Los Angeles Sparks,LA,Guard
5277552,3.1176470588235294,3.4438777733315478,0.7058823529411765,1.0,4.823529411764706,7.705882352941177,17,0,Juste Jocyte,129689,Golden State Valkyries,GS,Guard
5278157,3.0,1.4142135623730951,1.75,0.75,5.5,14.5,4,0,Alex Wilson,16,Washington Mystics,WSH,Guard
5278237,3.6,3.358981783322091,1.9666666666666666,0.6666666666666666,6.233333333333333,10.266666666666667,30,0,Anastasiia Olairi Kosu,8,Minnesota Lynx,MIN,Forward
5345319,4.461538461538462,3.9858047714499714,1.9743589743589745,0.8974358974358975,7.333333333333333,12.923076923076923,39,1,Nell Angloma,18,Connecticut Sun,CON,Forward
5345320,9.25531914893617,5.218979098512688,2.9148936170212765,3.382978723404255,15.553191489361701,23.78723404255319,47,42,Pauline Astier,9,New York Liberty,NY,Guard
5345322,8.333333333333334,5.507570547286102,3.6666666666666665,0.0,12.0,17.333333333333332,3,0,Emma Cechova,8,Minnesota Lynx,MIN,Forward
5345325,10.27027027027027,5.776622661154991,5.945945945945946,1.7837837837837838,18.0,27.64864864864865,37,26,Awa Fam,14,Seattle Storm,SEA,Center
5345444,11.25,6.661674487450147,4.2272727272727275,1.75,17.227272727272727,25.40909090909091,44,36,Laura Juskaite,131935,Toronto Tempo,TOR,Forward
5345473,4.0,,0.0,2.0,6.0,6.0,1,0,Costanza Verona,3,Dallas Wings,DAL,Guard
5345478,1.8,2.3973669767168797,1.1,1.15,4.05,5.6,20,0,Eliska Joklova,8,Minnesota Lynx,MIN,Guard
5345524,6.348837209302325,5.056272487996293,2.0697674418604652,1.8604651162790697,10.279069767441861,23.558139534883722,43,33,Noemie Brochant,11,Phoenix Mercury,PHX,Forward
5346554,5.551724137931035,3.8133806420527003,1.5862068965517242,3.1724137931034484,10.310344827586206,13.448275862068966,29,1,Teja Oblak,132052,Portland Fire,POR,Guard
5349415,3.5925925925925926,3.296376323494766,1.5925925925925926,2.111111111111111,7.296296296296297,12.851851851851851,27,0,Alicia Florez,16,Washington Mystics,WSH,Guard
5355509,3.1578947368421053,3.131615803999534,0.8421052631578947,1.1578947368421053,5.157894736842105,9.473684210526315,19,1,Tima Pouye,131935,Toronto Tempo,TOR,Guard
5364343,3.357142857142857,2.205138853368958,2.2857142857142856,1.0714285714285714,6.714285714285714,14.857142857142858,14,0,Ornella Bankole,131935,Toronto Tempo,TOR,Guard
5447776,1.0,1.4142135623730951,1.5,1.0,3.5,7.0,2,0,Aminata Gueye,129689,Golden State Valkyries,GS,Center
