team_id,team_display_name,team_abbreviation,pts_allowed_avg,games_played,pts_allowed_avg_pctl,defense_tier,opp_player_pts_avg,opp_player_reb_avg,opp_player_ast_avg,opp_player_pra_avg
3,Dallas Wings,DAL,85.66666666666667,45,33.33333333333333,Good,8.862068965517242,3.4459770114942527,2.066666666666667,14.37471264367816
5,Indiana Fever,IND,90.65217391304348,46,73.33333333333333,Below_Avg,9.144736842105264,3.2149122807017543,2.111842105263158,14.471491228070175
6,Los Angeles Sparks,LA,91.31818181818181,44,93.33333333333333,Poor,9.09049773755656,3.5316742081447963,2.2104072398190047,14.832579185520363
8,Minnesota Lynx,MIN,83.8913043478261,46,20.0,Elite,8.462719298245615,3.3640350877192984,2.0701754385964914,13.896929824561404
9,New York Liberty,NY,85.80851063829788,47,40.0,Good,8.691810344827585,3.168103448275862,2.1573275862068964,14.017241379310345
11,Phoenix Mercury,PHX,87.5909090909091,44,53.333333333333336,Average,8.921296296296296,3.4606481481481484,2.1921296296296298,14.574074074074074
14,Seattle Storm,SEA,88.93181818181819,44,66.66666666666666,Below_Avg,9.121212121212121,3.717948717948718,2.1655011655011656,15.004662004662004
16,Washington Mystics,WSH,82.93333333333334,45,13.333333333333334,Elite,8.330357142857142,3.0245535714285716,1.9866071428571428,13.341517857142858
17,Las Vegas Aces,LV,86.23404255319149,47,46.666666666666664,Average,8.697424892703863,3.366952789699571,1.9163090128755365,13.98068669527897
18,Connecticut Sun,CON,88.06818181818181,44,60.0,Average,8.554083885209714,3.3046357615894038,1.944812362030905,13.803532008830022
19,Chicago Sky,CHI,90.6590909090909,44,80.0,Below_Avg,8.884187082405345,3.6391982182628064,2.022271714922049,14.5456570155902
20,Atlanta Dream,ATL,84.31111111111112,45,26.666666666666668,Good,8.375275938189846,3.119205298013245,1.8896247240618103,13.3841059602649
129689,Golden State Valkyries,GS,75.22222222222223,45,6.666666666666667,Elite,7.799539170506913,3.3824884792626726,1.891705069124424,13.073732718894009
131935,Toronto Tempo,TOR,94.36363636363636,44,100.0,Poor,9.185840707964601,3.3650442477876106,2.2013274336283186,14.752212389380531
132052,Portland Fire,POR,91.02272727272727,44,86.66666666666667,Poor,9.102272727272727,3.397727272727273,2.290909090909091,14.790909090909091
